{
  "test_suite": "Mock Performance Test Suite",
  "start_time": "2025-07-31T15:36:13.522634",
  "system_metrics_before": {
    "cpu_percent": 69.27495195938826,
    "memory_percent": 74.91932317148411,
    "memory_available_gb": 7.322621035046135,
    "disk_percent": 63.491474176317915,
    "disk_free_gb": 35.144568668225354,
    "network_io_mb": 2.060843918829802
  },
  "test_results": {
    "api_load_tests": [
      {
        "test_name": "Light Load Test",
        "concurrent_users": 5,
        "requests_per_user": 20,
        "total_requests": 100,
        "successful_requests": 93,
        "failed_requests": 7,
        "success_rate": 93.0,
        "duration": 1.1020591259002686,
        "requests_per_second": 90.73923317708596,
        "average_response_time": 0.05040555369491427,
        "min_response_time": 0.0023134593218367278,
        "max_response_time": 0.09687191768499681,
        "p95_response_time": 0.09541445443256948,
        "p99_response_time": 0.09687191768499681
      },
      {
        "test_name": "Medium Load Test",
        "concurrent_users": 20,
        "requests_per_user": 25,
        "total_requests": 500,
        "successful_requests": 472,
        "failed_requests": 28,
        "success_rate": 94.39999999999999,
        "duration": 2.8462119102478027,
        "requests_per_second": 175.67209180727093,
        "average_response_time": 0.10111627621694637,
        "min_response_time": 0.05016592150107546,
        "max_response_time": 0.14979664748749233,
        "p95_response_time": 0.14494963232031122,
        "p99_response_time": 0.14944726387702228
      },
      {
        "test_name": "Heavy Load Test",
        "concurrent_users": 50,
        "requests_per_user": 10,
        "total_requests": 500,
        "successful_requests": 475,
        "failed_requests": 25,
        "success_rate": 95.0,
        "duration": 1.682422161102295,
        "requests_per_second": 297.19056938266215,
        "average_response_time": 0.1466042068883751,
        "min_response_time": 0.10003014566124985,
        "max_response_time": 0.1998727590970678,
        "p95_response_time": 0.19576451084526336,
        "p99_response_time": 0.19962949400868468
      },
      {
        "test_name": "Stress Test",
        "concurrent_users": 100,
        "requests_per_user": 5,
        "total_requests": 500,
        "successful_requests": 473,
        "failed_requests": 27,
        "success_rate": 94.6,
        "duration": 1.1878788471221924,
        "requests_per_second": 420.91834635436265,
        "average_response_time": 0.20162617833266785,
        "min_response_time": 0.15009427159678668,
        "max_response_time": 0.2496121706342877,
        "p95_response_time": 0.24548170009712977,
        "p99_response_time": 0.2484482058370384
      }
    ],
    "database_test": {
      "test_name": "Database Connection Pool Test",
      "max_connections": 50,
      "test_duration": 5,
      "successful_connections": 440,
      "failed_connections": 6,
      "connection_success_rate": 98.65470852017937,
      "average_connection_time": 0.0577094936637833,
      "max_connection_time": 0.09990052347622565,
      "connections_per_second": 88.0
    },
    "stability_test": {
      "test_name": "System Stability Test",
      "duration": 30,
      "total_requests": 30,
      "error_count": 0,
      "error_rate": 0.0,
      "average_response_time": 0.1811510814090095,
      "max_response_time": 0.28311808021443213,
      "requests_per_second": 1.0
    }
  },
  "system_metrics_after": {
    "cpu_percent": 33.06632531106153,
    "memory_percent": 81.08078488923269,
    "memory_available_gb": 1.1106336692936987,
    "disk_percent": 30.961310550917325,
    "disk_free_gb": 52.540288508404714,
    "network_io_mb": 7.588836218906163
  },
  "end_time": "2025-07-31T15:36:59.380720",
  "summary": {
    "overall_status": "FAIL",
    "total_api_requests": 1600,
    "total_api_errors": 87,
    "api_success_rate": 94.25,
    "api_average_response_time": 0.125,
    "database_connection_success_rate": 98.65,
    "stability_error_rate": 0.0,
    "max_concurrent_users": 100,
    "peak_requests_per_second": 420.91834635436265
  }
}